{"_default": {"1": {"PROGRAM": "MSC.BIOL", "COORDINATOR": "Dr. Kam Leung", "COORDINATOR_EMAIL": "kam.leung@lakeheadu.ca", "ADMIN": "Melissa Chance", "ADMIN_EMAIL": "biology@lakeheadu.ca"}, "2": {"PROGRAM": "PHD.BIOT", "COORDINATOR": "Dr. Todd Randall (acting)", "COORDINATOR_EMAIL": "todd.randall@lakeheadu.ca", "ADMIN": "Dr. Brenda Magajna", "ADMIN_EMAIL": "biotech@lakeheadu.ca"}, "3": {"PROGRAM": "MBA, MSMGT.", "COORDINATOR": "Dr. David Richards", "COORDINATOR_EMAIL": "david.richards@lakeheadu.ca", "ADMIN": "Morna Toderash", "ADMIN_EMAIL": "morna.toderash@lakeheadu.ca"}, "4": {"PROGRAM": "MSC.CHEM", "COORDINATOR": "Dr. Robert Mawhinney", "COORDINATOR_EMAIL": "rcm@lakeheadu.ca", "ADMIN": "Robbie Buffington", "ADMIN_EMAIL": "None"}, "5": {"PROGRAM": "PHD.CHMS", "COORDINATOR": "Dr. Robert Mawhinney", "COORDINATOR_EMAIL": "rcm@lakeheadu.ca", "ADMIN": "Robbie Buffington", "ADMIN_EMAIL": "None"}, "6": {"PROGRAM": "MSC.COMP", "COORDINATOR": "Dr. Vijay Mago", "COORDINATOR_EMAIL": "vmago@lakeheadu.ca", "ADMIN": "Karen Romito", "ADMIN_EMAIL": "karen.romito@lakeheadu.ca"}, "7": {"PROGRAM": "MA.ECON", "COORDINATOR": "Dr. Bakhtiar Moazzami", "COORDINATOR_EMAIL": "bakhtiar.moazzami@lakeheadu.ca", "ADMIN": "Jennifer McKee", "ADMIN_EMAIL": "jennifer.mckee@lakeheadu.ca"}, "8": {"PROGRAM": "MED, MED.CHAN., MED.GERO, MED.WOME", "COORDINATOR": "Dr. Paul Berger", "COORDINATOR_EMAIL": "rpberger@lakeheadu.ca", "ADMIN": "Bonnie MacDonald", "ADMIN_EMAIL": "None"}, "9": {"PROGRAM": "MSC.CHEN", "COORDINATOR": "Dr. Pedram Fatehi", "COORDINATOR_EMAIL": "pfatehi@lakeheadu.ca", "ADMIN": "Laura Parker", "ADMIN_EMAIL": "lparker@lakeheadu.ca"}, "10": {"PROGRAM": "MSC.CIVI", "COORDINATOR": "Dr. Osama Salem", "COORDINATOR_EMAIL": "sam.salem@lakeheadu.ca", "ADMIN": "Laura Parker", "ADMIN_EMAIL": "lparker@lakeheadu.ca"}, "11": {"PROGRAM": "MSC.ELCO, MSENG.ELCO", "COORDINATOR": "Dr. Carlos Christoffersen", "COORDINATOR_EMAIL": "carlos.christoffersen@lakeheadu.ca", "ADMIN": "Laura Parker", "ADMIN_EMAIL": "lparker@lakeheadu.ca"}, "12": {"PROGRAM": "PHD.ELCO", "COORDINATOR": "Dr. Abdelhamid Tayebi", "COORDINATOR_EMAIL": "Abdelhamid.Tayebi@lakeheadu.ca", "ADMIN": "Laura Parker", "ADMIN_EMAIL": "lparker@lakeheadu.ca"}, "13": {"PROGRAM": "MSC.ENVE", "COORDINATOR": "Dr. Leila Pakzad", "COORDINATOR_EMAIL": "lpakzad@lakeheadu.ca", "ADMIN": "Laura Parker", "ADMIN_EMAIL": "lparker@lakeheadu.ca"}, "14": {"PROGRAM": "MSC.MECH", "COORDINATOR": "Dr. Kefu Liu", "COORDINATOR_EMAIL": "kefu.liu@lakeheadu.ca", "ADMIN": "Laura Parker", "ADMIN_EMAIL": "lparker@lakeheadu.ca"}, "15": {"PROGRAM": "MA.ENGL", "COORDINATOR": "Dr. Rachel Warburton", "COORDINATOR_EMAIL": "rachel.warburton@lakeheadu.ca", "ADMIN": "Cindy Haggerty", "ADMIN_EMAIL": "MAdge.chan@lakeheadu.ca/ lkerr2@lakeheadu.ca "}, "16": {"PROGRAM": "MES.", "COORDINATOR": "Dr. Martha Dowsley", "COORDINATOR_EMAIL": "mdowsley@lakeheadu.ca", "ADMIN": "Jennifer McKee", "ADMIN_EMAIL": "jlmckee@lakeheadu.ca"}, "17": {"PROGRAM": "MSC.GEOL", "COORDINATOR": "Dr. Shannon Zurevinski", "COORDINATOR_EMAIL": "shannon.zurevinski@lakeheadu.ca", "ADMIN": "Kristine Carey", "ADMIN_EMAIL": "kristine.carey@lakeheadu.ca"}, "18": {"PROGRAM": "\u2026GERO\u2026", "COORDINATOR": "Dr. Lindsay Galway", "COORDINATOR_EMAIL": "lgalway@lakeheadu.ca", "ADMIN": "Katie Berube", "ADMIN_EMAIL": "kberube1@lakeheadu.ca"}, "19": {"PROGRAM": "MHSC.", "COORDINATOR": "Dr. Lindsay Galway", "COORDINATOR_EMAIL": "lgalway@lakeheadu.ca", "ADMIN": "Katie Berube", "ADMIN_EMAIL": "kberube1@lakeheadu.ca"}, "20": {"PROGRAM": "MPH.", "COORDINATOR": "Dr. Helle Moller", "COORDINATOR_EMAIL": "hmoeller@lakeheadu.ca", "ADMIN": "Katie Berube", "ADMIN_EMAIL": "kberube1@lakeheadu.ca"}, "21": {"PROGRAM": "MPH.PUBLNURS", "COORDINATOR": "Dr. Karen McQueen", "COORDINATOR_EMAIL": "karen.mcqueen@lakeheadu.ca", "ADMIN": "Katie Berube", "ADMIN_EMAIL": "kberube1@lakeheadu.ca"}, "22": {"PROGRAM": "MA.HIST", "COORDINATOR": "Dr. Ronald Harpelle", "COORDINATOR_EMAIL": "ron.harpelle@lakeheadu.ca", "ADMIN": "Gail Fikis", "ADMIN_EMAIL": "gfikis@lakeheadu.ca"}, "23": {"PROGRAM": "MSC.KINE", "COORDINATOR": "Dr. Erin Pearson", "COORDINATOR_EMAIL": "erin.pearson@lakeheadu.ca", "ADMIN": "Sandra Blackburn", "ADMIN_EMAIL": "sandra.blackburn@lakeheadu.ca"}, "24": {"PROGRAM": "MSC.MASC", "COORDINATOR": "Dr. Greg Lee", "COORDINATOR_EMAIL": "greg.lee@lakeheadu.ca", "ADMIN": "Robbie Buffington", "ADMIN_EMAIL": "None"}, "25": {"PROGRAM": "MSCF", "COORDINATOR": "Dr. Brian McLaren", "COORDINATOR_EMAIL": "brian.mclaren@lakeheadu.ca", "ADMIN": "Eva Scollie", "ADMIN_EMAIL": "eva.scollie@lakeheadu.ca"}, "26": {"PROGRAM": "PHD.FORS", "COORDINATOR": "Dr. Jian Wang", "COORDINATOR_EMAIL": "jian.wang@lakeheadu.ca", "ADMIN": "Eva Scollie", "ADMIN_EMAIL": "eva.scollie@lakeheadu.ca"}, "27": {"PROGRAM": "MSC.PHYS", "COORDINATOR": "Dr. Gautam Das", "COORDINATOR_EMAIL": "gdas@lakeheadu.ca", "ADMIN": "Kristine Carey", "ADMIN_EMAIL": "kristine.carey@lakeheadu.ca"}, "28": {"PROGRAM": "MA.CLIN, MSC.PSCI, PHD.CLIN", "COORDINATOR": "Dr. Gordon Hayman", "COORDINATOR_EMAIL": "gordon.hayman@lakeheadu.ca", "ADMIN": "Heather Suslyk", "ADMIN_EMAIL": "ssc@lakeheadu.ca"}, "29": {"PROGRAM": "MA.SOCJ., MA.SOCJWOME, ", "COORDINATOR": "Dr. Kristin Burnett", "COORDINATOR_EMAIL": "kburnett@lakeheadu.ca", "ADMIN": "None", "ADMIN_EMAIL": "None"}, "30": {"PROGRAM": "MSW", "COORDINATOR": "Dr. Keith Brownlee", "COORDINATOR_EMAIL": "keith.brownlee@lakeheadu.ca", "ADMIN": "Madge Chan                       in Orillia: Lynda Kerr", "ADMIN_EMAIL": "madge.chan@lakeheadu.ca                     lkerr2@lakeheadu.ca"}, "31": {"PROGRAM": "MA.SOCI., MA.SOCIWOME., MA.SOCIGERO.", "COORDINATOR": "Dr. Jianye Liu", "COORDINATOR_EMAIL": "jianye.liu@lakeheadu.ca", "ADMIN": "Karen Woychyshyn", "ADMIN_EMAIL": "karen.woychyshyn@lakeheadu.ca"}, "32": {"PROGRAM": "\u2026WOME\u2026", "COORDINATOR": "Dr. Jennifer Roth", "COORDINATOR_EMAIL": "jennifer.roth@lakeheadu.ca", "ADMIN": "Elaine Doiron", "ADMIN_EMAIL": "WomensStudies@lakeheadu.ca"}, "33": {"PROGRAM": "GDIP.KINE", "COORDINATOR": "Ms. Brooke Moncrief", "COORDINATOR_EMAIL": "brooke.moncrief@lakeheadu.ca", "ADMIN": "None", "ADMIN_EMAIL": "None"}}}