{"_default": {"1": {"RULE": "RANGE:[0,49]", "COMMENT": "As per the Minimum Academic Standing Regulation, a mark under 50% is not acceptable and a graduate student with such a mark will be inactivated from their graduate program."}, "2": {"RULE": "TOKEN:I", "COMMENT": "An incomplete mark must be cleared within 4 months or the grade will be converted into a final mark. If that mark is below 50%, the student will be inactivated from their program. In order to change an incomplete mark, the course instructor must submit a Change of Mark Form to Enrollment Services."}}}